Région;Département;Code commune (Insee);Commune;Nombre de redevables;Patrimoine moyen en €;Impôt moyen en €
ALSACE                        ;BAS-RHIN                      ;67 180;HAGUENAU                                          ;126;2 408 869;11 477
ALSACE                        ;BAS-RHIN                      ;67 218;ILLKIRCH-GRAFFENSTADEN                            ;86;1 925 421;6 211
ALSACE                        ;BAS-RHIN                      ;67 447;SCHILTIGHEIM                                      ;66;2 319 719;9 254
ALSACE                        ;BAS-RHIN                      ;67 482;STRASBOURG                                        ;1 476;2 984 232;15 462
ALSACE                        ;HAUT-RHIN                     ;68 066;COLMAR                                            ;232;2 325 543;10 390
ALSACE                        ;HAUT-RHIN                     ;68 224;MULHOUSE                                          ;275;2 593 587;12 263
AQUITAINE                     ;DORDOGNE                      ;24 037;BERGERAC                                          ;94;2 036 967;7 773
AQUITAINE                     ;DORDOGNE                      ;24 322;PERIGUEUX                                         ;97;2 392 431;11 474
AQUITAINE                     ;GIRONDE                       ;33 063;BORDEAUX                                          ;1 820;2 508 619;11 760
AQUITAINE                     ;GIRONDE                       ;33 192;GRADIGNAN                                         ;96;2 370 514;9 413
AQUITAINE                     ;GIRONDE                       ;33 529;LA TESTE-DE-BUCH                                  ;193;2 393 076;11 083
AQUITAINE                     ;GIRONDE                       ;33 069;LE BOUSCAT                                        ;264;3 236 227;18 298
AQUITAINE                     ;GIRONDE                       ;33 243;LIBOURNE                                          ;122;2 374 940;10 070
AQUITAINE                     ;GIRONDE                       ;33 281;MERIGNAC                                          ;215;2 201 594;9 096
AQUITAINE                     ;GIRONDE                       ;33 318;PESSAC                                            ;191;2 321 516;10 563
AQUITAINE                     ;GIRONDE                       ;33 449;SAINT-MEDARD-EN-JALLES                            ;82;2 174 647;8 463
AQUITAINE                     ;GIRONDE                       ;33 522;TALENCE                                           ;142;1 955 482;6 381
AQUITAINE                     ;GIRONDE                       ;33 550;VILLENAVE-D'ORNON                                 ;63;2 634 566;12 656
AQUITAINE                     ;LANDES                        ;40 088;DAX                                               ;95;2 582 488;12 588
AQUITAINE                     ;LANDES                        ;40 192;MONT-DE-MARSAN                                    ;85;2 005 326;6 999
AQUITAINE                     ;LOT-ET-GARONNE                ;47 001;AGEN                                              ;97;2 344 832;9 821
AQUITAINE                     ;LOT-ET-GARONNE                ;47 323;VILLENEUVE-SUR-LOT                                ;71;2 068 251;7 645
AQUITAINE                     ;PYRENEES-ATLANTIQUES          ;64 024;ANGLET                                            ;289;2 328 732;10 126
AQUITAINE                     ;PYRENEES-ATLANTIQUES          ;64 102;BAYONNE                                           ;192;2 348 089;10 348
AQUITAINE                     ;PYRENEES-ATLANTIQUES          ;64 122;BIARRITZ                                          ;385;2 397 718;11 019
AQUITAINE                     ;PYRENEES-ATLANTIQUES          ;64 445;PAU                                               ;382;2 582 928;12 643
AUVERGNE                      ;ALLIER                        ;03 185;MONTLUCON                                         ;114;2 392 405;9 362
AUVERGNE                      ;ALLIER                        ;03 190;MOULINS                                           ;58;2 269 866;8 796
AUVERGNE                      ;ALLIER                        ;03 310;VICHY                                             ;134;2 271 592;11 343
AUVERGNE                      ;CANTAL                        ;15 014;AURILLAC                                          ;101;2 384 188;10 965
AUVERGNE                      ;HAUTE-LOIRE                   ;43 157;LE PUY-EN-VELAY                                   ;61;2 227 423;9 293
AUVERGNE                      ;PUY-DE-DOME                   ;63 113;CLERMONT-FERRAND                                  ;398;2 422 013;11 499
BASSE-NORMANDIE               ;CALVADOS                      ;14 118;CAEN                                              ;546;2 424 996;10 599
BASSE-NORMANDIE               ;MANCHE                        ;50 129;CHERBOURG-OCTEVILLE                               ;99;2 333 164;8 675
BASSE-NORMANDIE               ;ORNE                          ;61 001;ALENCON                                           ;76;2 318 539;10 304
BOURGOGNE                     ;COTE-D'OR                     ;21 054;BEAUNE                                            ;131;2 220 784;7 974
BOURGOGNE                     ;COTE-D'OR                     ;21 231;DIJON                                             ;573;2 517 576;11 550
BOURGOGNE                     ;NIEVRE                        ;58 194;NEVERS                                            ;91;2 412 403;11 286
BOURGOGNE                     ;SAONE-ET-LOIRE                ;71 076;CHALON-SUR-SAONE                                  ;118;2 210 590;8 629
BOURGOGNE                     ;SAONE-ET-LOIRE                ;71 270;MACON                                             ;95;2 738 923;17 900
BOURGOGNE                     ;YONNE                         ;89 024;AUXERRE                                           ;111;2 192 453;8 611
BOURGOGNE                     ;YONNE                         ;89 387;SENS                                              ;100;2 334 600;9 727
BRETAGNE                      ;COTES-D'ARMOR                 ;22 113;LANNION                                           ;66;2 180 679;8 880
BRETAGNE                      ;COTES-D'ARMOR                 ;22 278;SAINT-BRIEUC                                      ;179;2 313 345;8 924
BRETAGNE                      ;FINISTERE                     ;29 019;BREST                                             ;272;2 742 421;12 460
BRETAGNE                      ;FINISTERE                     ;29 039;CONCARNEAU                                        ;109;2 394 359;10 892
BRETAGNE                      ;FINISTERE                     ;29 232;QUIMPER                                           ;222;2 276 450;8 993
BRETAGNE                      ;ILLE-ET-VILAINE               ;35 115;FOUGERES                                          ;68;2 190 857;9 628
BRETAGNE                      ;ILLE-ET-VILAINE               ;35 238;RENNES                                            ;1 062;2 601 163;12 283
BRETAGNE                      ;ILLE-ET-VILAINE               ;35 288;SAINT-MALO                                        ;350;2 309 757;9 527
BRETAGNE                      ;MORBIHAN                      ;56 121;LORIENT                                           ;131;2 250 825;8 729
BRETAGNE                      ;MORBIHAN                      ;56 260;VANNES                                            ;406;2 262 902;9 290
CENTRE                        ;CHER                          ;18 033;BOURGES                                           ;213;2 562 305;12 083
CENTRE                        ;EURE-ET-LOIR                  ;28 085;CHARTRES                                          ;235;2 463 915;11 195
CENTRE                        ;EURE-ET-LOIR                  ;28 134;DREUX                                             ;67;2 451 704;11 901
CENTRE                        ;INDRE                         ;36 044;CHATEAUROUX                                       ;130;2 587 997;12 992
CENTRE                        ;INDRE-ET-LOIRE                ;37 122;JOUE-LES-TOURS                                    ;71;2 249 493;9 282
CENTRE                        ;INDRE-ET-LOIRE                ;37 261;TOURS                                             ;591;2 304 491;9 696
CENTRE                        ;LOIR-ET-CHER                  ;41 018;BLOIS                                             ;131;2 183 300;9 192
CENTRE                        ;LOIRET                        ;45 232;OLIVET                                            ;160;2 074 532;7 422
CENTRE                        ;LOIRET                        ;45 234;ORLEANS                                           ;525;2 234 134;9 059
CHAMPAGNE-ARDENNE             ;ARDENNES                      ;08 105;CHARLEVILLE-MEZIERES                              ;114;2 147 514;8 105
CHAMPAGNE-ARDENNE             ;AUBE                          ;10 387;TROYES                                            ;209;2 513 047;11 557
CHAMPAGNE-ARDENNE             ;MARNE                         ;51 108;CHALONS-EN-CHAMPAGNE                              ;109;2 336 187;9 794
CHAMPAGNE-ARDENNE             ;MARNE                         ;51 230;EPERNAY                                           ;96;2 517 456;12 021
CHAMPAGNE-ARDENNE             ;MARNE                         ;51 454;REIMS                                             ;698;2 546 251;11 708
CORSE                         ;CORSE-DU-SUD                  ;2A 004;AJACCIO                                           ;185;2 463 285;12 492
CORSE                         ;HAUTE-CORSE                   ;2B 033;BASTIA                                            ;88;2 391 251;11 551
FRANCHE-COMTE                 ;DOUBS                         ;25 056;BESANCON                                          ;334;2 454 173;10 890
FRANCHE-COMTE                 ;DOUBS                         ;25 388;MONTBELIARD                                       ;56;1 961 714;7 296
FRANCHE-COMTE                 ;JURA                          ;39 198;DOLE                                              ;56;2 129 738;7 600
FRANCHE-COMTE                 ;TERRITOIRE DE BELFORT         ;90 010;BELFORT                                           ;87;2 502 556;10 462
GUADELOUPE                    ;GUADELOUPE                    ;97113 ;LE GOSIER                                         ;67;2 605 906;11 142
HAUTE-NORMANDIE               ;EURE                          ;27 229;EVREUX                                            ;152;2 206 245;8 991
HAUTE-NORMANDIE               ;EURE                          ;27 681;VERNON                                            ;98;2 094 924;8 449
HAUTE-NORMANDIE               ;SEINE-MARITIME                ;76 217;DIEPPE                                            ;78;2 209 740;9 175
HAUTE-NORMANDIE               ;SEINE-MARITIME                ;76 351;LE HAVRE                                          ;356;2 310 112;10 240
HAUTE-NORMANDIE               ;SEINE-MARITIME                ;76 451;MONT-SAINT-AIGNAN                                 ;272;2 614 289;12 028
HAUTE-NORMANDIE               ;SEINE-MARITIME                ;76 540;ROUEN                                             ;480;2 342 218;10 830
ILE-DE-FRANCE                 ;ESSONNE                       ;91 027;ATHIS-MONS                                        ;63;2 236 566;10 324
ILE-DE-FRANCE                 ;ESSONNE                       ;91 114;BRUNOY                                            ;143;2 258 377;9 156
ILE-DE-FRANCE                 ;ESSONNE                       ;91 174;CORBEIL-ESSONNES                                  ;61;2 138 082;9 275
ILE-DE-FRANCE                 ;ESSONNE                       ;91 201;DRAVEIL                                           ;105;2 462 083;11 401
ILE-DE-FRANCE                 ;ESSONNE                       ;91 223;ETAMPES                                           ;66;2 188 813;8 759
ILE-DE-FRANCE                 ;ESSONNE                       ;91 272;GIF-SUR-YVETTE                                    ;314;2 382 727;10 694
ILE-DE-FRANCE                 ;ESSONNE                       ;91 345;LONGJUMEAU                                        ;52;2 109 815;8 146
ILE-DE-FRANCE                 ;ESSONNE                       ;91 377;MASSY                                             ;73;1 885 339;7 042
ILE-DE-FRANCE                 ;ESSONNE                       ;91 421;MONTGERON                                         ;135;2 240 779;10 200
ILE-DE-FRANCE                 ;ESSONNE                       ;91 434;MORSANG-SUR-ORGE                                  ;73;2 237 166;9 345
ILE-DE-FRANCE                 ;ESSONNE                       ;91 477;PALAISEAU                                         ;188;3 566 001;20 996
ILE-DE-FRANCE                 ;ESSONNE                       ;91 549;SAINTE-GENEVIEVE-DES-BOIS                         ;129;2 207 252;9 173
ILE-DE-FRANCE                 ;ESSONNE                       ;91 589;SAVIGNY-SUR-ORGE                                  ;128;1 949 333;7 061
ILE-DE-FRANCE                 ;ESSONNE                       ;91 687;VIRY-CHATILLON                                    ;53;1 855 770;6 007
ILE-DE-FRANCE                 ;ESSONNE                       ;91 691;YERRES                                            ;112;2 029 596;7 202
ILE-DE-FRANCE                 ;HAUTS-DE-SEINE                ;92 002;ANTONY                                            ;672;2 132 545;8 591
ILE-DE-FRANCE                 ;HAUTS-DE-SEINE                ;92 004;ASNIERES-SUR-SEINE                                ;638;2 286 645;9 432
ILE-DE-FRANCE                 ;HAUTS-DE-SEINE                ;92 009;BOIS-COLOMBES                                     ;276;2 157 184;8 376
ILE-DE-FRANCE                 ;HAUTS-DE-SEINE                ;92 012;BOULOGNE-BILLANCOURT                              ;3 097;2 795 795;14 496
ILE-DE-FRANCE                 ;HAUTS-DE-SEINE                ;92 014;BOURG-LA-REINE                                    ;384;2 309 319;10 315
ILE-DE-FRANCE                 ;HAUTS-DE-SEINE                ;92 019;CHATENAY-MALABRY                                  ;248;2 308 184;9 978
ILE-DE-FRANCE                 ;HAUTS-DE-SEINE                ;92 020;CHATILLON                                         ;190;2 125 450;8 061
ILE-DE-FRANCE                 ;HAUTS-DE-SEINE                ;92 023;CLAMART                                           ;547;2 238 946;9 222
ILE-DE-FRANCE                 ;HAUTS-DE-SEINE                ;92 024;CLICHY                                            ;107;2 031 307;7 552
ILE-DE-FRANCE                 ;HAUTS-DE-SEINE                ;92 025;COLOMBES                                          ;357;2 149 207;8 632
ILE-DE-FRANCE                 ;HAUTS-DE-SEINE                ;92 026;COURBEVOIE                                        ;856;2 155 938;8 387
ILE-DE-FRANCE                 ;HAUTS-DE-SEINE                ;92 032;FONTENAY-AUX-ROSES                                ;240;1 977 335;6 546
ILE-DE-FRANCE                 ;HAUTS-DE-SEINE                ;92 040;ISSY-LES-MOULINEAUX                               ;625;2 294 367;9 533
ILE-DE-FRANCE                 ;HAUTS-DE-SEINE                ;92 035;LA GARENNE-COLOMBES                               ;263;2 210 456;8 550
ILE-DE-FRANCE                 ;HAUTS-DE-SEINE                ;92 060;LE PLESSIS-ROBINSON                               ;150;2 129 750;7 963
ILE-DE-FRANCE                 ;HAUTS-DE-SEINE                ;92 044;LEVALLOIS-PERRET                                  ;1 025;2 690 304;12 456
ILE-DE-FRANCE                 ;HAUTS-DE-SEINE                ;92 046;MALAKOFF                                          ;128;2 676 932;16 673
ILE-DE-FRANCE                 ;HAUTS-DE-SEINE                ;92 048;MEUDON                                            ;859;2 427 979;10 308
ILE-DE-FRANCE                 ;HAUTS-DE-SEINE                ;92 049;MONTROUGE                                         ;300;2 639 112;14 377
ILE-DE-FRANCE                 ;HAUTS-DE-SEINE                ;92 050;NANTERRE                                          ;184;2 021 791;6 777
ILE-DE-FRANCE                 ;HAUTS-DE-SEINE                ;92 051;NEUILLY-SUR-SEINE                                 ;5 374;4 649 257;37 805
ILE-DE-FRANCE                 ;HAUTS-DE-SEINE                ;92 062;PUTEAUX                                           ;267;2 268 157;9 514
ILE-DE-FRANCE                 ;HAUTS-DE-SEINE                ;92 063;RUEIL-MALMAISON                                   ;1 273;2 457 958;10 612
ILE-DE-FRANCE                 ;HAUTS-DE-SEINE                ;92 064;SAINT-CLOUD                                       ;1 211;3 214 823;19 475
ILE-DE-FRANCE                 ;HAUTS-DE-SEINE                ;92 072;SEVRES                                            ;524;2 476 978;10 046
ILE-DE-FRANCE                 ;HAUTS-DE-SEINE                ;92 073;SURESNES                                          ;458;2 436 149;10 158
ILE-DE-FRANCE                 ;HAUTS-DE-SEINE                ;92 075;VANVES                                            ;289;2 217 168;8 314
ILE-DE-FRANCE                 ;PARIS                         ;75 101;PARIS                                             ;653;3 232 916;20 003
ILE-DE-FRANCE                 ;PARIS                         ;75 102;PARIS                                             ;369;2 736 393;13 890
ILE-DE-FRANCE                 ;PARIS                         ;75 103;PARIS                                             ;910;2 825 491;14 557
ILE-DE-FRANCE                 ;PARIS                         ;75 104;PARIS                                             ;1 049;3 385 298;20 323
ILE-DE-FRANCE                 ;PARIS                         ;75 105;PARIS                                             ;2 280;2 793 344;14 379
ILE-DE-FRANCE                 ;PARIS                         ;75 106;PARIS                                             ;3 472;3 631 951;22 684
ILE-DE-FRANCE                 ;PARIS                         ;75 107;PARIS                                             ;5 398;4 736 603;35 075
ILE-DE-FRANCE                 ;PARIS                         ;75 108;PARIS                                             ;2 874;4 005 439;28 183
ILE-DE-FRANCE                 ;PARIS                         ;75 109;PARIS                                             ;1 386;2 666 848;13 571
ILE-DE-FRANCE                 ;PARIS                         ;75 110;PARIS                                             ;727;2 292 808;9 408
ILE-DE-FRANCE                 ;PARIS                         ;75 111;PARIS                                             ;1 663;2 348 752;10 489
ILE-DE-FRANCE                 ;PARIS                         ;75 112;PARIS                                             ;1 935;2 398 209;10 893
ILE-DE-FRANCE                 ;PARIS                         ;75 113;PARIS                                             ;1 731;2 369 438;10 559
ILE-DE-FRANCE                 ;PARIS                         ;75 114;PARIS                                             ;2 791;2 746 584;14 589
ILE-DE-FRANCE                 ;PARIS                         ;75 115;PARIS                                             ;5 656;2 537 275;12 135
ILE-DE-FRANCE                 ;PARIS                         ;75 116;PARIS                                             ;13 427;4 074 523;27 947
ILE-DE-FRANCE                 ;PARIS                         ;75 117;PARIS                                             ;5 421;3 044 497;16 415
ILE-DE-FRANCE                 ;PARIS                         ;75 118;PARIS                                             ;1 156;2 701 429;13 938
ILE-DE-FRANCE                 ;PARIS                         ;75 119;PARIS                                             ;906;2 389 375;10 098
ILE-DE-FRANCE                 ;PARIS                         ;75 120;PARIS                                             ;887;2 169 560;8 790
ILE-DE-FRANCE                 ;SEINE-ET-MARNE                ;77 058;BUSSY-SAINT-GEORGES                               ;58;2 432 278;10 281
ILE-DE-FRANCE                 ;SEINE-ET-MARNE                ;77 108;CHELLES                                           ;111;1 973 219;7 393
ILE-DE-FRANCE                 ;SEINE-ET-MARNE                ;77 243;LAGNY-SUR-MARNE                                   ;84;2 730 577;13 228
ILE-DE-FRANCE                 ;SEINE-ET-MARNE                ;77 284;MEAUX                                             ;129;2 251 740;9 596
ILE-DE-FRANCE                 ;SEINE-ET-MARNE                ;77 288;MELUN                                             ;111;2 433 731;11 227
ILE-DE-FRANCE                 ;SEINE-ET-MARNE                ;77 350;OZOIR-LA-FERRIERE                                 ;62;2 540 929;11 453
ILE-DE-FRANCE                 ;SEINE-ET-MARNE                ;77 373;PONTAULT-COMBAULT                                 ;69;2 088 338;8 520
ILE-DE-FRANCE                 ;SEINE-SAINT-DENIS             ;93 005;AULNAY-SOUS-BOIS                                  ;151;2 209 608;9 296
ILE-DE-FRANCE                 ;SEINE-SAINT-DENIS             ;93 029;DRANCY                                            ;74;2 190 442;8 424
ILE-DE-FRANCE                 ;SEINE-SAINT-DENIS             ;93 032;GAGNY                                             ;106;2 118 760;8 167
ILE-DE-FRANCE                 ;SEINE-SAINT-DENIS             ;93 045;LES LILAS                                         ;109;2 448 862;13 226
ILE-DE-FRANCE                 ;SEINE-SAINT-DENIS             ;93 057;LES PAVILLONS-SOUS-BOIS                           ;93;1 952 568;7 236
ILE-DE-FRANCE                 ;SEINE-SAINT-DENIS             ;93 046;LIVRY-GARGAN                                      ;83;2 048 562;8 118
ILE-DE-FRANCE                 ;SEINE-SAINT-DENIS             ;93 048;MONTREUIL                                         ;199;2 212 689;9 007
ILE-DE-FRANCE                 ;SEINE-SAINT-DENIS             ;93 049;NEUILLY-PLAISANCE                                 ;54;1 990 697;7 256
ILE-DE-FRANCE                 ;SEINE-SAINT-DENIS             ;93 051;NOISY-LE-GRAND                                    ;132;2 063 571;8 580
ILE-DE-FRANCE                 ;SEINE-SAINT-DENIS             ;93 053;NOISY-LE-SEC                                      ;62;2 084 157;8 391
ILE-DE-FRANCE                 ;SEINE-SAINT-DENIS             ;93 055;PANTIN                                            ;70;2 050 393;7 522
ILE-DE-FRANCE                 ;SEINE-SAINT-DENIS             ;93 064;ROSNY-SOUS-BOIS                                   ;106;2 063 237;7 883
ILE-DE-FRANCE                 ;SEINE-SAINT-DENIS             ;93 070;SAINT-OUEN                                        ;56;2 114 558;8 830
ILE-DE-FRANCE                 ;SEINE-SAINT-DENIS             ;93 077;VILLEMOMBLE                                       ;164;2 397 490;10 940
ILE-DE-FRANCE                 ;VAL-D'OISE                    ;95 018;ARGENTEUIL                                        ;132;2 356 792;9 405
ILE-DE-FRANCE                 ;VAL-D'OISE                    ;95 127;CERGY                                             ;63;2 001 101;6 999
ILE-DE-FRANCE                 ;VAL-D'OISE                    ;95 176;CORMEILLES-EN-PARISIS                             ;105;2 124 027;8 087
ILE-DE-FRANCE                 ;VAL-D'OISE                    ;95 197;DEUIL-LA-BARRE                                    ;102;2 028 155;7 834
ILE-DE-FRANCE                 ;VAL-D'OISE                    ;95 203;EAUBONNE                                          ;129;1 966 803;6 851
ILE-DE-FRANCE                 ;VAL-D'OISE                    ;95 219;ERMONT                                            ;94;1 926 258;6 338
ILE-DE-FRANCE                 ;VAL-D'OISE                    ;95 306;HERBLAY                                           ;85;2 306 305;11 011
ILE-DE-FRANCE                 ;VAL-D'OISE                    ;95 428;MONTMORENCY                                       ;288;2 635 879;13 084
ILE-DE-FRANCE                 ;VAL-D'OISE                    ;95 500;PONTOISE                                          ;100;2 228 403;9 138
ILE-DE-FRANCE                 ;VAL-D'OISE                    ;95 555;SAINT-GRATIEN                                     ;115;2 315 945;9 796
ILE-DE-FRANCE                 ;VAL-D'OISE                    ;95 582;SANNOIS                                           ;64;2 258 932;9 548
ILE-DE-FRANCE                 ;VAL-D'OISE                    ;95 607;TAVERNY                                           ;93;1 996 115;7 406
ILE-DE-FRANCE                 ;VAL-DE-MARNE                  ;94 002;ALFORTVILLE                                       ;60;1 965 604;7 436
ILE-DE-FRANCE                 ;VAL-DE-MARNE                  ;94 016;CACHAN                                            ;124;2 106 282;7 455
ILE-DE-FRANCE                 ;VAL-DE-MARNE                  ;94 017;CHAMPIGNY-SUR-MARNE                               ;154;2 224 862;9 597
ILE-DE-FRANCE                 ;VAL-DE-MARNE                  ;94 018;CHARENTON-LE-PONT                                 ;361;2 267 810;9 118
ILE-DE-FRANCE                 ;VAL-DE-MARNE                  ;94 022;CHOISY-LE-ROI                                     ;84;2 194 091;9 607
ILE-DE-FRANCE                 ;VAL-DE-MARNE                  ;94 028;CRETEIL                                           ;205;2 230 036;8 957
ILE-DE-FRANCE                 ;VAL-DE-MARNE                  ;94 033;FONTENAY-SOUS-BOIS                                ;499;2 577 802;12 558
ILE-DE-FRANCE                 ;VAL-DE-MARNE                  ;94 041;IVRY-SUR-SEINE                                    ;97;2 591 655;12 833
ILE-DE-FRANCE                 ;VAL-DE-MARNE                  ;94 038;L'HAY-LES-ROSES                                   ;175;2 134 374;8 362
ILE-DE-FRANCE                 ;VAL-DE-MARNE                  ;94 043;LE KREMLIN-BICETRE                                ;53;1 931 615;6 907
ILE-DE-FRANCE                 ;VAL-DE-MARNE                  ;94 058;LE PERREUX-SUR-MARNE                              ;383;2 233 284;8 692
ILE-DE-FRANCE                 ;VAL-DE-MARNE                  ;94 046;MAISONS-ALFORT                                    ;250;2 076 303;8 304
ILE-DE-FRANCE                 ;VAL-DE-MARNE                  ;94 052;NOGENT-SUR-MARNE                                  ;664;2 575 462;13 059
ILE-DE-FRANCE                 ;VAL-DE-MARNE                  ;94 067;SAINT-MANDE                                       ;686;2 707 262;14 036
ILE-DE-FRANCE                 ;VAL-DE-MARNE                  ;94 068;SAINT-MAUR-DES-FOSSES                             ;1 358;2 570 669;12 801
ILE-DE-FRANCE                 ;VAL-DE-MARNE                  ;94 071;SUCY-EN-BRIE                                      ;164;2 125 393;8 254
ILE-DE-FRANCE                 ;VAL-DE-MARNE                  ;94 073;THIAIS                                            ;111;2 341 060;10 478
ILE-DE-FRANCE                 ;VAL-DE-MARNE                  ;94 076;VILLEJUIF                                         ;83;2 093 766;8 908
ILE-DE-FRANCE                 ;VAL-DE-MARNE                  ;94 079;VILLIERS-SUR-MARNE                                ;68;2 070 656;8 379
ILE-DE-FRANCE                 ;VAL-DE-MARNE                  ;94 080;VINCENNES                                         ;798;2 277 450;9 597
ILE-DE-FRANCE                 ;VAL-DE-MARNE                  ;94 081;VITRY-SUR-SEINE                                   ;132;1 933 029;6 632
ILE-DE-FRANCE                 ;YVELINES                      ;78 146;CHATOU                                            ;559;2 596 014;12 786
ILE-DE-FRANCE                 ;YVELINES                      ;78 172;CONFLANS-SAINTE-HONORINE                          ;96;2 263 546;8 577
ILE-DE-FRANCE                 ;YVELINES                      ;78 208;ELANCOURT                                         ;58;1 881 964;6 034
ILE-DE-FRANCE                 ;YVELINES                      ;78 311;HOUILLES                                          ;121;1 938 516;6 546
ILE-DE-FRANCE                 ;YVELINES                      ;78 126;LA CELLE-SAINT-CLOUD                              ;484;2 671 301;13 631
ILE-DE-FRANCE                 ;YVELINES                      ;78 158;LE CHESNAY                                        ;639;2 446 861;11 733
ILE-DE-FRANCE                 ;YVELINES                      ;78 358;MAISONS-LAFFITTE                                  ;508;2 494 408;10 937
ILE-DE-FRANCE                 ;YVELINES                      ;78 361;MANTES-LA-JOLIE                                   ;89;2 453 514;11 982
ILE-DE-FRANCE                 ;YVELINES                      ;78 423;MONTIGNY-LE-BRETONNEUX                            ;90;1 866 626;5 943
ILE-DE-FRANCE                 ;YVELINES                      ;78 490;PLAISIR                                           ;121;2 159 871;8 035
ILE-DE-FRANCE                 ;YVELINES                      ;78 498;POISSY                                            ;132;2 029 480;7 780
ILE-DE-FRANCE                 ;YVELINES                      ;78 517;RAMBOUILLET                                       ;191;2 329 928;10 981
ILE-DE-FRANCE                 ;YVELINES                      ;78 551;SAINT-GERMAIN-EN-LAYE                             ;1 031;2 616 482;12 213
ILE-DE-FRANCE                 ;YVELINES                      ;78 586;SARTROUVILLE                                      ;136;2 067 893;8 106
ILE-DE-FRANCE                 ;YVELINES                      ;78 640;VELIZY-VILLACOUBLAY                               ;97;1 928 110;6 544
ILE-DE-FRANCE                 ;YVELINES                      ;78 646;VERSAILLES                                        ;2 218;2 676 572;13 115
LA REUNION                    ;LA REUNION                    ;97408 ;LA POSSESSION                                     ;58;2 315 622;7 726
LA REUNION                    ;LA REUNION                    ;97411 ;SAINT DENIS                                       ;466;2 266 656;9 214
LA REUNION                    ;LA REUNION                    ;97415 ;SAINT PAUL                                        ;211;2 439 051;9 893
LA REUNION                    ;LA REUNION                    ;97416 ;SAINT PIERRE                                      ;133;2 311 163;9 246
LA REUNION                    ;LA REUNION                    ;97418 ;SAINTE MARIE                                      ;59;3 018 442;23 387
LA REUNION                    ;LA REUNION                    ;97422 ;TAMPON                                            ;124;2 175 406;8 434
LANGUEDOC-ROUSSILLON          ;AUDE                          ;11 069;CARCASSONNE                                       ;137;2 122 813;7 696
LANGUEDOC-ROUSSILLON          ;AUDE                          ;11 262;NARBONNE                                          ;154;2 252 734;8 488
LANGUEDOC-ROUSSILLON          ;GARD                          ;30 007;ALES                                              ;103;2 041 363;6 694
LANGUEDOC-ROUSSILLON          ;GARD                          ;30 189;NIMES                                             ;602;2 261 990;9 392
LANGUEDOC-ROUSSILLON          ;HERAULT                       ;34 003;AGDE                                              ;137;2 171 249;8 517
LANGUEDOC-ROUSSILLON          ;HERAULT                       ;34 032;BEZIERS                                           ;264;2 257 710;8 787
LANGUEDOC-ROUSSILLON          ;HERAULT                       ;34 172;MONTPELLIER                                       ;915;2 438 113;11 042
LANGUEDOC-ROUSSILLON          ;HERAULT                       ;34 301;SETE                                              ;171;2 407 462;10 246
LANGUEDOC-ROUSSILLON          ;PYRENEES-ORIENTALES           ;66 136;PERPIGNAN                                         ;411;2 392 545;10 156
LIMOUSIN                      ;CORREZE                       ;19 031;BRIVE-LA-GAILLARDE                                ;201;2 579 943;13 510
LIMOUSIN                      ;HAUTE-VIENNE                  ;87 085;LIMOGES                                           ;435;2 907 764;15 249
LORRAINE                      ;MEURTHE-ET-MOSELLE            ;54 395;NANCY                                             ;585;2 455 743;11 760
LORRAINE                      ;MEURTHE-ET-MOSELLE            ;54 547;VANDOEUVRE-LES-NANCY                              ;63;2 067 959;7 674
LORRAINE                      ;MOSELLE                       ;57 463;METZ                                              ;392;2 502 438;11 840
LORRAINE                      ;MOSELLE                       ;57 480;MONTIGNY-LES-METZ                                 ;99;2 473 843;11 429
LORRAINE                      ;MOSELLE                       ;57 631;SARREGUEMINES                                     ;69;2 419 914;7 989
LORRAINE                      ;MOSELLE                       ;57 672;THIONVILLE                                        ;199;2 460 146;11 214
LORRAINE                      ;VOSGES                        ;88 160;EPINAL                                            ;115;2 620 415;13 374
LORRAINE                      ;VOSGES                        ;88 413;SAINT-DIE-DES-VOSGES                              ;54;2 275 509;9 311
MARTINIQUE                    ;MARTINIQUE                    ;97209 ;FORT DE FRANCE                                    ;78;3 505 553;22 596
MIDI-PYRENEES                 ;AVEYRON                       ;12 145;MILLAU                                            ;58;2 209 508;7 946
MIDI-PYRENEES                 ;AVEYRON                       ;12 202;RODEZ                                             ;126;2 225 195;9 358
MIDI-PYRENEES                 ;GERS                          ;32 013;AUCH                                              ;67;2 257 683;8 516
MIDI-PYRENEES                 ;HAUTE-GARONNE                 ;31 069;BLAGNAC                                           ;73;2 075 355;7 646
MIDI-PYRENEES                 ;HAUTE-GARONNE                 ;31 149;COLOMIERS                                         ;85;2 004 839;6 425
MIDI-PYRENEES                 ;HAUTE-GARONNE                 ;31 395;MURET                                             ;72;1 999 593;7 496
MIDI-PYRENEES                 ;HAUTE-GARONNE                 ;31 555;TOULOUSE                                          ;2 223;2 440 974;11 348
MIDI-PYRENEES                 ;HAUTE-GARONNE                 ;31 557;TOURNEFEUILLE                                     ;133;2 213 798;7 608
MIDI-PYRENEES                 ;HAUTES-PYRENEES               ;65 440;TARBES                                            ;93;2 167 213;8 845
MIDI-PYRENEES                 ;LOT                           ;46 042;CAHORS                                            ;65;2 000 936;7 833
MIDI-PYRENEES                 ;TARN                          ;81 004;ALBI                                              ;168;2 240 564;9 348
MIDI-PYRENEES                 ;TARN                          ;81 065;CASTRES                                           ;118;2 268 481;9 124
MIDI-PYRENEES                 ;TARN-ET-GARONNE               ;82 121;MONTAUBAN                                         ;192;2 401 143;10 109
NORD-PAS-DE-CALAIS            ;NORD                          ;59 122;CAMBRAI                                           ;134;2 407 518;10 363
NORD-PAS-DE-CALAIS            ;NORD                          ;59 163;CROIX                                             ;267;3 924 526;22 831
NORD-PAS-DE-CALAIS            ;NORD                          ;59 178;DOUAI                                             ;166;2 283 397;9 415
NORD-PAS-DE-CALAIS            ;NORD                          ;59 183;DUNKERQUE                                         ;217;2 159 072;8 542
NORD-PAS-DE-CALAIS            ;NORD                          ;59 295;HAZEBROUCK                                        ;80;2 321 718;10 443
NORD-PAS-DE-CALAIS            ;NORD                          ;59 368;LA MADELEINE                                      ;143;2 634 298;13 028
NORD-PAS-DE-CALAIS            ;NORD                          ;59 328;LAMBERSART                                        ;213;2 799 232;15 334
NORD-PAS-DE-CALAIS            ;NORD                          ;59 350;LILLE                                             ;792;2 577 158;12 263
NORD-PAS-DE-CALAIS            ;NORD                          ;59 378;MARCQ-EN-BAROEUL                                  ;712;3 019 160;14 976
NORD-PAS-DE-CALAIS            ;NORD                          ;59 512;ROUBAIX                                           ;155;2 853 441;13 338
NORD-PAS-DE-CALAIS            ;NORD                          ;59 599;TOURCOING                                         ;115;2 188 430;8 543
NORD-PAS-DE-CALAIS            ;NORD                          ;59 606;VALENCIENNES                                      ;176;2 221 027;9 005
NORD-PAS-DE-CALAIS            ;NORD                          ;59 009;VILLENEUVE-D'ASCQ                                 ;328;3 067 156;15 953
NORD-PAS-DE-CALAIS            ;PAS-DE-CALAIS                 ;62 041;ARRAS                                             ;169;2 351 583;10 930
NORD-PAS-DE-CALAIS            ;PAS-DE-CALAIS                 ;62 119;BETHUNE                                           ;107;2 151 068;7 833
NORD-PAS-DE-CALAIS            ;PAS-DE-CALAIS                 ;62 160;BOULOGNE-SUR-MER                                  ;89;2 351 535;10 250
NORD-PAS-DE-CALAIS            ;PAS-DE-CALAIS                 ;62 193;CALAIS                                            ;97;2 334 219;10 597
NORD-PAS-DE-CALAIS            ;PAS-DE-CALAIS                 ;62 498;LENS                                              ;63;2 353 440;10 858
;;;;;;
PAYS DE LA LOIRE              ;LOIRE-ATLANTIQUE              ;44 109;NANTES                                            ;1 849;2 606 825;12 299
PAYS DE LA LOIRE              ;LOIRE-ATLANTIQUE              ;44 114;ORVAULT                                           ;165;2 287 298;9 697
PAYS DE LA LOIRE              ;LOIRE-ATLANTIQUE              ;44 143;REZE                                              ;60;2 114 955;7 310
PAYS DE LA LOIRE              ;LOIRE-ATLANTIQUE              ;44 162;SAINT-HERBLAIN                                    ;74;3 674 507;25 505
PAYS DE LA LOIRE              ;LOIRE-ATLANTIQUE              ;44 184;SAINT-NAZAIRE                                     ;148;2 253 470;9 172
PAYS DE LA LOIRE              ;LOIRE-ATLANTIQUE              ;44 190;SAINT-SEBASTIEN-SUR-LOIRE                         ;90;2 188 686;9 049
PAYS DE LA LOIRE              ;LOIRE-ATLANTIQUE              ;44 215;VERTOU                                            ;142;2 461 012;12 567
PAYS DE LA LOIRE              ;MAINE-ET-LOIRE                ;49 007;ANGERS                                            ;566;2 340 587;10 137
PAYS DE LA LOIRE              ;MAINE-ET-LOIRE                ;49 099;CHOLET                                            ;191;2 253 203;8 848
PAYS DE LA LOIRE              ;MAINE-ET-LOIRE                ;49 328;SAUMUR                                            ;113;2 022 962;7 018
PAYS DE LA LOIRE              ;MAYENNE                       ;53 130;LAVAL                                             ;181;2 545 870;11 608
PAYS DE LA LOIRE              ;SARTHE                        ;72 181;LE MANS                                           ;456;2 475 628;11 412
PAYS DE LA LOIRE              ;VENDEE                        ;85 191;LA ROCHE-SUR-YON                                  ;151;2 509 487;12 410
PICARDIE                      ;AISNE                         ;02 408;LAON                                              ;69;2 148 594;7 565
PICARDIE                      ;AISNE                         ;02 691;SAINT-QUENTIN                                     ;159;2 257 525;9 100
PICARDIE                      ;AISNE                         ;02 722;SOISSONS                                          ;151;2 308 163;9 644
PICARDIE                      ;OISE                          ;60 057;BEAUVAIS                                          ;164;2 533 864;11 692
PICARDIE                      ;OISE                          ;60 159;COMPIEGNE                                         ;279;2 780 041;14 963
PICARDIE                      ;SOMME                         ;80 001;ABBEVILLE                                         ;75;2 141 744;7 737
PICARDIE                      ;SOMME                         ;80 021;AMIENS                                            ;473;2 318 408;9 909
POITOU-CHARENTES              ;CHARENTE                      ;16 015;ANGOULEME                                         ;147;2 326 463;9 363
POITOU-CHARENTES              ;CHARENTE-MARITIME             ;17 300;LA ROCHELLE                                       ;467;2 334 788;9 935
POITOU-CHARENTES              ;CHARENTE-MARITIME             ;17 299;ROCHEFORT                                         ;60;2 010 368;6 741
POITOU-CHARENTES              ;CHARENTE-MARITIME             ;17 415;SAINTES                                           ;89;2 085 064;8 065
POITOU-CHARENTES              ;DEUX-SEVRES                   ;79 191;NIORT                                             ;201;2 740 282;14 089
POITOU-CHARENTES              ;VIENNE                        ;86 066;CHATELLERAULT                                     ;70;2 262 818;9 931
POITOU-CHARENTES              ;VIENNE                        ;86 194;POITIERS                                          ;239;3 619 072;22 027
PROVENCE-ALPES-COTE D'AZUR    ;ALPES-DE-HAUTE-PROVENCE       ;04 112;MANOSQUE                                          ;107;2 234 700;11 400
PROVENCE-ALPES-COTE D'AZUR    ;ALPES-MARITIMES               ;06 004;ANTIBES                                           ;863;2 350 279;10 061
PROVENCE-ALPES-COTE D'AZUR    ;ALPES-MARITIMES               ;06 027;CAGNES-SUR-MER                                    ;324;2 159 540;9 000
PROVENCE-ALPES-COTE D'AZUR    ;ALPES-MARITIMES               ;06 029;CANNES                                            ;1 304;2 751 150;13 990
PROVENCE-ALPES-COTE D'AZUR    ;ALPES-MARITIMES               ;06 069;GRASSE                                            ;298;2 344 203;11 329
PROVENCE-ALPES-COTE D'AZUR    ;ALPES-MARITIMES               ;06 030;LE CANNET                                         ;334;2 628 093;13 375
PROVENCE-ALPES-COTE D'AZUR    ;ALPES-MARITIMES               ;06 079;MANDELIEU-LA-NAPOULE                              ;326;2 388 343;11 078
PROVENCE-ALPES-COTE D'AZUR    ;ALPES-MARITIMES               ;06 083;MENTON                                            ;194;2 137 645;9 411
PROVENCE-ALPES-COTE D'AZUR    ;ALPES-MARITIMES               ;06 900;MONACO                                            ;330;3 399 003;22 118
PROVENCE-ALPES-COTE D'AZUR    ;ALPES-MARITIMES               ;06 085;MOUGINS                                           ;395;2 813 844;14 266
PROVENCE-ALPES-COTE D'AZUR    ;ALPES-MARITIMES               ;06 088;NICE                                              ;2 652;2 301 721;10 390
PROVENCE-ALPES-COTE D'AZUR    ;ALPES-MARITIMES               ;06 123;SAINT-LAURENT-DU-VAR                              ;181;2 107 514;8 423
PROVENCE-ALPES-COTE D'AZUR    ;ALPES-MARITIMES               ;06 155;VALLAURIS                                         ;269;2 282 865;9 660
PROVENCE-ALPES-COTE D'AZUR    ;BOUCHES-DU-RHONE              ;13 001;AIX-EN-PROVENCE                                   ;1 530;2 665 146;12 940
PROVENCE-ALPES-COTE D'AZUR    ;BOUCHES-DU-RHONE              ;13 004;ARLES                                             ;143;2 347 804;10 669
PROVENCE-ALPES-COTE D'AZUR    ;BOUCHES-DU-RHONE              ;13 005;AUBAGNE                                           ;205;2 385 513;10 387
PROVENCE-ALPES-COTE D'AZUR    ;BOUCHES-DU-RHONE              ;13 028;LA CIOTAT                                         ;214;2 302 078;9 967
PROVENCE-ALPES-COTE D'AZUR    ;BOUCHES-DU-RHONE              ;13 071;LES PENNES-MIRABEAU                               ;58;2 161 155;7 701
PROVENCE-ALPES-COTE D'AZUR    ;BOUCHES-DU-RHONE              ;13 054;MARIGNANE                                         ;60;2 088 689;7 420
PROVENCE-ALPES-COTE D'AZUR    ;BOUCHES-DU-RHONE              ;13 055;MARSEILLE                                         ;3 289;2 561 592;12 154
PROVENCE-ALPES-COTE D'AZUR    ;BOUCHES-DU-RHONE              ;13 056;MARTIGUES                                         ;79;2 073 166;7 335
PROVENCE-ALPES-COTE D'AZUR    ;BOUCHES-DU-RHONE              ;13 103;SALON-DE-PROVENCE                                 ;137;1 977 272;7 207
PROVENCE-ALPES-COTE D'AZUR    ;HAUTES-ALPES                  ;05 061;GAP                                               ;183;2 194 941;7 717
PROVENCE-ALPES-COTE D'AZUR    ;VAR                           ;83 050;DRAGUIGNAN                                        ;194;2 070 260;8 362
PROVENCE-ALPES-COTE D'AZUR    ;VAR                           ;83 061;FREJUS                                            ;331;2 172 371;8 698
PROVENCE-ALPES-COTE D'AZUR    ;VAR                           ;83 069;HYERES                                            ;424;2 227 525;9 136
PROVENCE-ALPES-COTE D'AZUR    ;VAR                           ;83 062;LA GARDE                                          ;89;2 396 509;9 398
PROVENCE-ALPES-COTE D'AZUR    ;VAR                           ;83 126;LA SEYNE-SUR-MER                                  ;124;1 989 495;7 664
PROVENCE-ALPES-COTE D'AZUR    ;VAR                           ;83 144;LA VALETTE-DU-VAR                                 ;81;1 970 703;7 095
PROVENCE-ALPES-COTE D'AZUR    ;VAR                           ;83 118;SAINT-RAPHAEL                                     ;638;2 379 673;10 482
PROVENCE-ALPES-COTE D'AZUR    ;VAR                           ;83 129;SIX-FOURS-LES-PLAGES                              ;220;2 020 606;7 069
PROVENCE-ALPES-COTE D'AZUR    ;VAR                           ;83 137;TOULON                                            ;594;2 172 961;9 345
PROVENCE-ALPES-COTE D'AZUR    ;VAUCLUSE                      ;84 007;AVIGNON                                           ;311;2 470 404;11 325
PROVENCE-ALPES-COTE D'AZUR    ;VAUCLUSE                      ;84 031;CARPENTRAS                                        ;117;2 448 088;11 211
PROVENCE-ALPES-COTE D'AZUR    ;VAUCLUSE                      ;84 035;CAVAILLON                                         ;89;2 109 663;7 767
PROVENCE-ALPES-COTE D'AZUR    ;VAUCLUSE                      ;84 087;ORANGE                                            ;94;2 099 516;7 831
RHONE-ALPES                   ;AIN                           ;01 053;BOURG-EN-BRESSE                                   ;142;2 198 885;9 717
RHONE-ALPES                   ;AIN                           ;01 283;OYONNAX                                           ;93;2 877 225;16 519
RHONE-ALPES                   ;DROME                         ;26 198;MONTELIMAR                                        ;121;2 341 099;9 388
RHONE-ALPES                   ;DROME                         ;26 281;ROMANS-SUR-ISERE                                  ;91;2 151 300;7 802
RHONE-ALPES                   ;DROME                         ;26 362;VALENCE                                           ;220;2 681 032;13 559
RHONE-ALPES                   ;HAUTE-SAVOIE                  ;74 010;ANNECY                                            ;421;2 290 928;10 816
RHONE-ALPES                   ;HAUTE-SAVOIE                  ;74 011;ANNECY-LE-VIEUX                                   ;324;2 351 120;9 765
RHONE-ALPES                   ;HAUTE-SAVOIE                  ;74 012;ANNEMASSE                                         ;87;2 007 949;6 875
RHONE-ALPES                   ;HAUTE-SAVOIE                  ;74 281;THONON-LES-BAINS                                  ;160;3 212 653;18 100
RHONE-ALPES                   ;ISERE                         ;38 053;BOURGOIN-JALLIEU                                  ;80;2 311 931;10 664
RHONE-ALPES                   ;ISERE                         ;38 185;GRENOBLE                                          ;615;2 436 170;11 396
RHONE-ALPES                   ;ISERE                         ;38 544;VIENNE                                            ;123;2 135 185;8 250
RHONE-ALPES                   ;ISERE                         ;38 563;VOIRON                                            ;91;2 211 242;8 883
RHONE-ALPES                   ;LOIRE                         ;42 187;ROANNE                                            ;93;2 360 659;10 491
RHONE-ALPES                   ;LOIRE                         ;42 207;SAINT-CHAMOND                                     ;72;2 364 158;11 269
RHONE-ALPES                   ;LOIRE                         ;42 218;SAINT-ETIENNE                                     ;479;2 448 983;11 513
RHONE-ALPES                   ;RHONE                         ;69 029;BRON                                              ;156;2 190 349;8 293
RHONE-ALPES                   ;RHONE                         ;69 034;CALUIRE-ET-CUIRE                                  ;474;2 535 417;11 432
RHONE-ALPES                   ;RHONE                         ;69 123;LYON                                              ;3 687;2 591 985;12 393
RHONE-ALPES                   ;RHONE                         ;69 282;MEYZIEU                                           ;87;2 380 725;10 117
RHONE-ALPES                   ;RHONE                         ;69 286;RILLIEUX-LA-PAPE                                  ;78;2 419 985;10 483
RHONE-ALPES                   ;RHONE                         ;69 204;SAINT-GENIS-LAVAL                                 ;132;2 450 072;11 468
RHONE-ALPES                   ;RHONE                         ;69 290;SAINT-PRIEST                                      ;64;2 550 914;12 299
RHONE-ALPES                   ;RHONE                         ;69 202;SAINTE-FOY-LES-LYON                               ;323;2 593 108;13 642
RHONE-ALPES                   ;RHONE                         ;69 264;VILLEFRANCHE-SUR-SAONE                            ;85;2 283 482;9 458
RHONE-ALPES                   ;RHONE                         ;69 266;VILLEURBANNE                                      ;229;2 200 116;9 296
RHONE-ALPES                   ;SAVOIE                        ;73 008;AIX-LES-BAINS                                     ;170;1 983 888;6 790
RHONE-ALPES                   ;SAVOIE                        ;73 065;CHAMBERY                                          ;306;2 507 517;11 548
